system_id,predicted_prey,predicted_predator
449,"[0.2, 0.2, 0.2, 0.3, 0.3, 0.4, 0.5, 0.6, 0.7000000000000001, 0.8, 0.8999999999999999, 1.0, 0.8999999999999999, 0.8, 0.6, 0.5, 0.3, 0.3, 0.2, 0.2, 0.2, 0.3, 0.3, 0.4, 0.5, 0.6, 0.7000000000000001, 0.8, 0.8999999999999999, 1.0, 0.8999999999999999, 0.8, 0.6, 0.5, 0.3, 0.3, 0.2, 0.2, 0.2, 0.3]","[0.7000000000000001, 0.6, 0.6, 0.5, 0.4, 0.4, 0.4, 0.4, 0.4, 0.4, 0.5, 0.6, 0.8, 0.8999999999999999, 1.0, 1.0, 0.8999999999999999, 0.8, 0.7000000000000001, 0.6, 0.6, 0.5, 0.4, 0.4, 0.4, 0.4, 0.4, 0.4, 0.5, 0.6, 0.8, 0.8999999999999999, 1.0, 1.0, 0.8999999999999999, 0.8, 0.7000000000000001, 0.6, 0.6, 0.5]"
460,"[0.2, 0.2, 0.2, 0.2, 0.2, 0.2, 0.2, 0.2, 0.2, 0.2, 0.2, 0.2, 0.2, 0.2, 0.2, 0.2, 0.2, 0.2, 0.2, 0.2, 0.2, 0.2, 0.2, 0.2, 0.2, 0.2, 0.2, 0.2, 0.2, 0.2, 0.2, 0.2, 0.2, 0.2, 0.2, 0.2, 0.2, 0.2, 0.2, 0.2]","[0.1, 0.1, 0.1, 0.1, 0.1, 0.1, 0.1, 0.1, 0.1, 0.1, 0.1, 0.1, 0.1, 0.1, 0.1, 0.1, 0.1, 0.1, 0.1, 0.1, 0.1, 0.1, 0.1, 0.1, 0.1, 0.1, 0.1, 0.1, 0.1, 0.1, 0.1, 0.1, 0.1, 0.1, 0.1, 0.1, 0.1, 0.1, 0.1, 0.1]"
