system_id,mse,mae,r2
800,0.04488794122702053,0.1292358927242458,0.931976016155065
900,0.016145346420984436,0.07513035457581281,0.76646380931182
980,0.20851139282837972,0.3573364384844899,-0.02730910122027974
