system_id,mse,mae,r2
800,0.006309547464089296,0.057111735343933115,0.9904383996451211
900,0.20922334417996905,0.3753428385034204,-2.0263347424571854
980,0.40161147973344197,0.4925920661166311,-0.978688659109826
